,sequence
0,AAAFEDQENETVVVK
1,AAGTIQTSVQEVNSK
2,AAGVSVEPFWPGLFAK
3,AAHSQCAYSNPEGTVLLACEESR
4,AAHSQCAYSNPEGTVLLACEESR
5,AALLAELASLEADALR
6,AAPLSLCALTAVDQSVLLLKPEAK
7,AAPQLPMEELVSLSK
8,AASGFNATEDAQTLR
9,AAVFNHFISDGVKK
10,ACNLEVILGFDGSR
11,ADDDYDEPTDSLDAR
12,ADGLAILGVLMK
13,ADINEENEETITK
14,ADLPTGATTSAPVMLR
15,ADLPTGATTSAPVMLR
16,ADMVIEAVFEDLGVK
17,AEANPPACYGTVLAEFQPLVEEPK
18,AEDGAAPSPSSETPKK
19,AEEEQQGTGPGAGTAASK
20,AEEYEFLTPMEEAPK
21,AEEYEFLTPMEEAPK
22,AEFQPLVEEPK
23,AEGIPEFYDYDVALVK
24,AELEHIAFNPSLVYLMDDFR
25,AELIQVTAGDPATLEYTVSGTPELKPK
26,AEMLQALASLEAVLLQTVYNTK
27,AENACVPPFTVEVK
28,AENPTNPGPGGSGYWR
29,AENYDISPADR
30,AEQGSGPVSGEKDVVFLIDGSEGVR
31,AETFTFHSDICTLPEK
32,AETGTEAAAATGVIGGIR
33,AEVDVADELLENLAK
34,AFAQAQSHIFIEK
35,AFGENAVVQLISLQK
36,AFGENAVVQLISLQK
37,AFGPGLEPTGCIVDRPAEFTIDAR
38,AFLGHNVTNAVITVPAYFNDSQR
39,AFNVISAWALQAGPR
40,AFPVYLWQPYLR
41,AFSGLTQNPESIELR
42,AFYMEEGAPYCER
43,AFYMEEGAPYCER
44,AGAAAGGPATLAVCVCK
45,AGAEGSSNVFSMFDQTQIQEFK
46,AGALQCSPSDVYTK
47,AGIGPPSDASNPVLMK
48,AGLPTSLLTLYLDNNK
49,AGQVVTIWASGAGATHSPPTDLVWK
50,AGTLDLSLSLPGK
51,AHEILPELVCCSAK
52,AHFSPANIVIDSSASR
53,AHFSVMGDILSSAIR
54,AHFSVMGDILSSAIR
55,AHFSVMGDILSSAIR
56,AHYGGFTVQNEASK
57,AIEPSDQGQYLCR
58,AIFASGSPFDPVTLPDGR
59,AIGAFAAADSFDHKK
60,AINYLISGYQR
61,AIQVYYNPDQPPKPGMIDSATQK
62,AIQVYYNPDQPPKPGMIDSATQK
63,AIQVYYNPDQPPKPGMIDSATQK
64,AITHYEEQMNQK
65,AITQELPSLLGSIGLGK
66,AITVASQTNCPLYVTK
67,AIWAALQTQASSSAK
68,AKELWDTLYQLETDKFEFGEK
69,ALCSEFQGSVATPR
70,ALCSFQIYSVPWK
71,ALDGDFTEENR
72,ALEEERPSLR
73,ALEEFQSEVSSCR
74,ALEMTCAIQNQLAR
75,ALEQFLQEYFDGNLK
76,ALEQFLQEYFDGNLK
77,ALGTNPTNAEVK
78,ALIFVSHGAGEHCGR
79,ALLATASQCQQPAGNK
80,ALMAYAFALAGNQNK
81,ALQATVGNSYK
82,ALQLGTLFSPAEALK
83,ALSNLIDVYHNYSNIQGNHHALYK
84,ALTGHLEEVVLAMLK
85,ALTGHLEEVVLAMLK
86,ALVPAAELLDSGVISHELYQQLQR
87,ALVPAAELLDSGVISHELYQQLQR
88,ALVQQLEQFR
89,ALYFEYTDGTFSK
90,AMGFTPLDMGSLASAR
91,AMGNLQIDFADPQR
92,ANEEDEQEEGGDGASGDPKK
93,ANFLEKPVLGFVR
94,ANLGGTEILTPLCNIYK
95,ANLMHNLGGEEVSVACK
96,ANLMHNLGGEEVSVACK
97,ANVAKPGLVDDFEK
98,ANVGFLPPFPTLDPEEK
99,ANYSLNTDDPLIFK
100,APADDGGSPITGYLVEK
101,APAVATVGSICDLNLK
102,APCSVSVLDTPGPPINFVFEDIRK
103,APDQDEIDCLPGLAK
104,APDQDEIDCLPGLAK
105,APEEILAEKSFNTVPYIVGFNK
106,APEVDVQGPEWSLK
107,APFALQVNTLPLNFDK
108,APHIQLVAQSPWLR
109,APHIQLVAQSPWLR
110,APQGTQGSKPAQSSR
111,APQVSTPTLVEAARNLGR
112,APVPASELLDAK
113,AQAEAQQPVFNTLR
114,AQDGSSPLSLQDLIEK
115,AQDTAELFFEDVR
116,AQIIHDSFNLASAK
117,AQMQEAMTQEVSDVFSDTTTPIK
118,AQNVPLPVSTLVEFVIAATDCTAK
119,ASAELALGENNEVLK
120,ASAPATPLSPTR
121,ASDSPIDLFYGDFVGDISEAVIQK
122,ASDSPIDLFYGDFVGDISEAVIQK
123,ASEWQLDQPSWSGR
124,ASFENNCEVGCFAK
125,ASFPTTK
126,ASGDKEAEGAPQVEAGK
127,ASHHPADFTPAVHASLDK
128,ASKPYCQPCFLK
129,ASLINNAFQLVSIEK
130,ASNSEDPPSVVEVR
131,ASSEGGAATGAGLDSLHK
132,ASSFVLALEPELESR
133,ASSHSSQSQGGGSVTK
134,ASSTANLIFEDCR
135,ASYSAVSLYGNPVR
136,ATAEQLKTVMDDFAQFLDTCCK
137,ATAEQLKTVMDDFAQFLDTCCK
138,ATANSLQLEVR
139,ATDLKDWVQETMAK
140,ATDLKDWVQETMAK
141,ATDLLLDDSLVSLFGNRR
142,ATEEDGSEQKVPEATNR
143,ATEEDGSEQKVPEATNRR
144,ATEEPSGTGSDELIK
145,ATEMVEVGPEDDEVGAER
146,ATETQGVNLLFSSR
147,ATFGCHETYKLDGPEEAECTK
148,ATNYNRGDQSTDYGIFQINSR
149,ATPEPSGTPSSDTVSR
150,ATSQGGDLMSDLFNK
151,ATVLNYMSHCIQIR
152,ATYLNSFSHVGTGIVHAINNVVR
153,AVAQGNLSSADVQAAK
154,AVDQSVLLLKPESELSPSWIYNLPGMQQNK
155,AVEASNAYSSILQAVQAAEDAAGQALR
156,AVEEYSCEFGSMK
157,AVEEYSCEFGSMK
158,AVFQYIDENQDR
159,AVGIVATTGVSTEIGK
160,AVGTQALSGAGLLK
161,AVLDVAETGTEAAAATGVK
162,AVLTSQETLFGGSDCTGNFCLFK
163,AVLTSQETLFGGSDCTGNFCLFK
164,AVNHVCNPLCSSEGCWGPEPR
165,AVNQQTAVQPPATVR
166,AVPPNNSNAAEVDLPTEELQGLVPR
167,AVSSFFSGSCVPCAD
168,AVTGYKDPYTGEQISLFQAMKK
169,AVTPLYPANQADIIFDITEGNLR
170,AWESLEEAEYQR
171,AYDLVVDWPVTLVR
172,AYEDAAEEFHPYIPFFATFDSK
173,AYEDAAEEFHPYIPFFATFDSK
174,AYFIGGDAGDAFDGYDFGDDPSDK
175,AYFPCIGCVHAISTDSPDLEPVLK
176,AYFPCIGCVHAISTDSPDLEPVLK
177,AYLEGECVEWLR
178,AYWQVHMDQLEVGNELTLCK
179,CAAEENCLASSAYR
180,CACFPGFELQGDGR
181,CACFPGFELQGDGR
182,CAEVTLEGQMYPGK
183,CCESTSEDCMASELPEHTIK
184,CCNNSQCGICCK
185,CDPIDQCQDSETR
186,CDPIDQCQDSETR
187,CECPNGMTLDATGR
188,CECVEGYHFSDR
189,CESAPGCGVWQRPMIDNPNYK
190,CFSALTVDETYVPK
191,CFSALTVDETYVPK
192,CFVKLPEGTTPEK
193,CGEDEDTVPAEYR
194,CGPCKPGYTGDQTR
195,CGQSAAVASPGGSIDSR
196,CICNSGYEVDITGK
197,CICNSGYEVDITGK
198,CICPPGYSLQNDK
199,CKEDLILQSEQIQQCQAVQGR
200,CLALATHDNPLKR
201,CLCPEGFSLSSTGR
202,CLLVTLASHHPADFTPAVHASLDK
203,CLLVTLASHHPADFTPAVHASLDK
204,CLSEVEHDTMPADLPAIAADFVEDQEVCK
205,CNFYDNKDPECVNNLLEVSR
206,CNGEVDCITGEDESRCEEDR
207,CPDNTLGVDCIER
208,CTAQGWEPEVPCVR
209,CTLKPCEFPQFK
210,CTTPPPPPSPTYQCLK
211,CTTQLTQGAASGTGK
212,CVDALSAISVQTATCNPEAESQK
213,CVLTTVDPDTGIIDR
214,CVSSTPAGSIEAQAR
215,CWADNTLPECSK
216,CWSPGVTVAPEMCPIRSTEDFNK
217,DAAGLESQLQDTQELLQEETR
218,DAEDQEAQLK
219,DAEEAATGECTATVGK
220,DAEEAATGECTATVGK
221,DAEEAATGECTATVGKR
222,DAFVAIVQSVK
223,DALDMLQDFYDR
224,DALDMLQDFYDR
225,DALEEEDNVLVLK
226,DALEEEDNVLVLKK
227,DALEEEDNVLVLKK
228,DANEELNCQDPDVGDMEEEER
229,DAQMVHSNALNEDTQDELGDPR
230,DATSHVLTDLEPGQEYTVLLIAEK
231,DAVIYPILVEFTR
232,DAVIYPILVEFTR
233,DAVLNAWAEDVDLR
234,DCLVAAAPYGGPIALLR
235,DCVGDVTEHQMCNK
236,DCVGDVTENQVCNK
237,DCVGDVTENQVCNK
238,DCVGPEVENACANPAAGTVILLENLR
239,DDNPSLPPFERPEAEAM
240,DDNPSLPPFERPEAEAMCTSFK
241,DDNPSLPPFERPEAEAMCTSFK
242,DDNPSLPPFERPEAEAMCTSFK
243,DDNSVELTVAEGPYK
244,DDVSGFVDPGLVLQDAQALHEAGEK
245,DEEEEEEKLEEK
246,DEINALVQELGFYR
247,DEQQQLDFR
248,DFASCHLAQAPNHVVVSR
249,DFDSLAQPSFFDR
250,DFFQNFGNVVELR
251,DFNVGDYIEAVLDR
252,DFQLFSSPLGK
253,DFTDSQLQEGK
254,DFTPAAQAAFQK
255,DFVAEPMGEKPVGSLAGIGDVLSK
256,DGDLENPVLYNGAVK
257,DGEAGAQGAPGPAGPAGER
258,DGELPVEDDIDLSDVELDDLEK
259,DGETFQLMGLYGR
260,DGETGAAGPPGPSGPAGER
261,DGFAGEDCNEPLCLNNCYNR
262,DGLLPEDTFIVGYAR
263,DGSASGTTLLEALDCILPPTRPTDK
264,DGSYSAFGDQNGER
265,DGVANVSIEDR
266,DGVYFLYEALHGPPK
267,DHASIQMNVAEVDR
268,DHENCISGEDITHNGIVYTPK
269,DIANENEAQFQIR
270,DICEGQVNSLPGSINK
271,DIDLSPVTIGFGSIPR
272,DIGLPNGLTFDPFSK
273,DIGLPNGLTFDPFSK
274,DIGNIISDAMK
275,DIIFLLDGSDNVGK
276,DILATNGVIHFIDELLIPDSAK
277,DKEETIQDTQEEK
278,DKPLKDVIIVDSGK
279,DKPPLTDIGVLYEGK
280,DKPPLTDIGVLYEGK
281,DLADELALVDVMEDK
282,DLAGALDEKELIEK
283,DLAILLGMLDPVEK
284,DLANGNITWADVEAR
285,DLAPTNVDFAFNLYK
286,DLDTVASDMMVLLK
287,DLEAHIDTANK
288,DLEHNVSPGYNFR
289,DLELLASGVDR
290,DLEVIASTPTSLLISWEPPAVSVR
291,DLFDMKPFEDALR
292,DLFDPIIEER
293,DLFDPIIQDR
294,DLFQCVSFIIPR
295,DLGATWVVLGHSER
296,DLIEDLKYELTGK
297,DLIEDLKYELTGK
298,DLISHDELFSDIYK
299,DLKPEDSGTYNFR
300,DLLEEDELQEQK
301,DLLTAYYDVDYEK
302,DLLTAYYDVDYEK
303,DLNDLAQELISSGTFNIDQIEEK
304,DLNMDVSFHLPSR
305,DLPAAAAPAGPASFAR
306,DLPDPYVSVLLLPDK
307,DLSGTLESIPDK
308,DLSGTLESIPDKLK
309,DLSSSDLSTASK
310,DLTFYYLIK
311,DLVSMIQDLK
312,DMEALNVLPPDVLTR
313,DMGLQELAEQLQTTK
314,DMHGDSEYNIMFGPDICGPGTK
315,DMLEASILDTYLGK
316,DNAQTSVTQAQQEK
317,DNLSPPLGQCLTER
318,DNPSLPPFERPEAEAMCTSFK
319,DNTALLTQVQTTMR
320,DPSSNDPLTETIRK
321,DPYSGNTISLFQAMK
322,DPYSGQSVSLFQALK
323,DPYSGQSVSLFQALK
324,DQAQEDAQEIADTPSGDKTSLETR
325,DQAQEDAQVAAEILEIADTPSGDK
326,DQAVENILLSPLVVASSLGLVSLGGK
327,DQAVENILLSPLVVASSLGLVSLGGK
328,DQGGYEDFVEGLR
329,DQSPASHEIATNLGDFAISLYR
330,DQSPASHEIATNLGDFALR
331,DQVDSAVQELLQLK
332,DRLEEVREHMEEVR
333,DSACQLESLKLENCGITAANCK
334,DSAGVWACCPYLK
335,DSDQVAQSDGEESPAAEEQLLGER
336,DSIFSNLIGQLDYK
337,DSISLSPEQLAQLR
338,DSITTWEILAVSLSDKK
339,DSLLQDGEFTMDLR
340,DSLLQDGEFTMDLR
341,DSLLQDGEFTMDLR
342,DSPGETDAFGNSEGK
343,DSVSAAWHTYDTDRDGR
344,DTCFSTEGPNLVTR
345,DTEVFICTTPLLK
346,DTGGVLGTSCILECK
347,DTLTSRPAQGVITTLENVSPPR
348,DTLTSRPAQGVITTLENVSPPRR
349,DTMPADLPAIAADFVEDQEVCK
350,DTVAHIQEELATLR
351,DVASLGSQLQDTQELLQEETR
352,DVDECKEVPDACFNHNGEHR
353,DVFLGTFLYEYSR
354,DVFLGTFLYEYSR
355,DVFSCNVGNLQPGAK
356,DVMICPDTSLEDAK
357,DVNDWVGPPNNNGK
358,DVQATDTSIEELGR
359,DVTFSPATIEEELIK
360,DVVNVYEPQLQHHVAQK
361,DWVQETMAKN
362,DYFGAHTYELLTK
363,DYPGFSPSVDAEAIR
364,DYPGFSPSVDAEAIR
365,DYRPQVGVIADPSSK
366,DYRPQVGVIADPSSK
367,DYTGEDVTPENFLAVLR
368,DYTGEDVTPENFLAVLR
369,EAAQMDMVNDGVEDLRGK
370,EAAVSVQEESDLEK
371,EAAYAPPASGNQNHPGMYPVSGPK
372,EAAYAPPASGNQNHPGMYPVSGPK
373,EAELDMNEELDKK
374,EAETFPFNPFDLTK
375,EAGEPGDVEPR
376,EAGEQVASSPAEVAEK
377,EAQLALGNAAADATEAK
378,EAQLALGNAAADATEAK
379,EASDPQPEDVDGGLK
380,EATESFASDPILYR
381,EATESFASDPILYRPVAVALDTK
382,EATEYEIELYGISR
383,EATNPPIIQEEKPK
384,EAVVQAEEAAAEITR
385,ECCDTQDSVACFSTQSPLLKR
386,ECCHGDLLECADDR
387,ECCHGDLLECADDR
388,EDALEDTRDSEMK
389,EDGLDFPEYDGVDR
390,EDGLDFPEYDGVDR
391,EDGLDFPEYDGVDR
392,EDKVWVYPPEKK
393,EDLIWEILK
394,EDSACIPWAYYSTVDR
395,EDVQETDTSQK
396,EDVQETDTSQK
397,EEAESTLQSFR
398,EEAQEIDCNDEAVFQAVDFSLK
399,EEAQEIDCNDEAVFQAVDFSLK
400,EECSVPVCGQEGR
401,EELGAQQPDLK
402,EELVYNLDPLNNLGR
403,EEPPSLRPAPPPISGGGYR
404,EESPPLIGQQATVSDIPR
405,EFDALLINPR
406,EFDKLSPEESQAR
407,EFDPTITDGSLSGPSR
408,EFGASECISPQDFSK
409,EFKAETFTFHSDICTLPEKEK
410,EFNLDDNIPEDDSGVLTPEDSGK
411,EFTLNLFHGPITFAHHKVEIPK
412,EFVIPQEVILGAGQQLFDFAAR
413,EGAIHREELVYNLDPLNNLGR
414,EGASEEETNLSK
415,EGEEAEDEKETYR
416,EGGLGPLNIPLLADVTK
417,EGITVYSTQFGGYAK
418,EGITVYSTQFGGYAK
419,EGNPEEDITADQTNAQAAALYK
420,EGQPGGELMLGGTDSK
421,EGTGSTATSSGSAGGAVGK
422,EGVYTVFAPTNEAFQAMPPEELNK
423,EGVYTVFAPTNEAFQAMPPEELNK
424,EGYCFSEVLQNMCQIGSSNR
425,EGYLQIGATTQQAQR
426,EIDQVLGEGPITSEK
427,EILVGDVGATITDPFK
428,EIPMTVYRPAMTK
429,EIVDAAEDYAK
430,EKEAQPLEAEAPGVDLGILPEGR
431,EKESLQQLAEVTR
432,EKGEFQILLDALDK
433,EKLDILDQER
434,EKLQEEMLQREEAESTLQSFR
435,EKPQPIPYVYGSR
436,EKPYFPIPEDCTFIQNVPLEDR
437,EKSAVSCLWAKVNPDEVGGEALGR
438,EKSAVSCLWAKVNPDEVGGEALGR
439,ELADENQTLK
440,ELDLSHDDIETSDCCNLQLR
441,ELDQDTVFALANYILFK
442,ELEDLLSPLEESVK
443,ELEEETNAFNCR
444,ELEEQLGPVAEETR
445,ELELQCLDGDDAK
446,ELENEVENEQKR
447,ELETVCNDVLALLDK
448,ELEVPVHTGPNSQK
449,ELGSLPLPLSASEQR
450,ELGSPPGISLETIDAAFSCPGSSR
451,ELHDPHYFSPIGFPHK
452,ELHDVDLAEVKPLVEK
453,ELHINLIPSKQDR
454,ELHLNDNPMGDAGLK
455,ELHLNDNPMGDAGLK
456,ELILSSEPSPAVTPVTPTTLIAPR
457,ELLASVTAPEK
458,ELLDSYIDGR
459,ELQEFYKDTYQK
460,ELQEQEEVVSCTK
461,ELQVGIPVTDEAGQR
462,ELSLASNELKDEGAR
463,ELSPGVFGPMPNLR
464,ELTPQVISAAR
465,ELTSDSSTENQGPPR
466,ELVLSNNDLHEPGVR
467,ELWDTLYQLETDKFEFGEK
468,ELYLFDVLR
469,EMGPTYADPVCLSK
470,EMGPTYADPVCLSK
471,ENDDVVSEDLVQQDVQDLYEAGELK
472,ENEFFIVTQTCK
473,ENNMAPYYEALCK
474,ENPTTFMGHYLHEVAR
475,ENPTTFMGHYLHEVAR
476,ENPTTFMGHYLHEVAR
477,ENPTTFMGHYLHEVAR
478,ENPTTFMGHYLHEVAR
479,ENQNFCVPCYEK
480,ENVDNLHTSMMPLATNLK
481,ENVDNLHTSMMPLATNLK
482,ENVDNLHTSMMPLATNLK
483,ENVIMTQILPCIK
484,EPGQDLVVLSLPITPEFIPSFR
485,EPITVSSEQMSHFR
486,EQEAEEAETPSTEEK
487,EQEAMGTAACADVR
488,EQEENEEAKSGED
489,EQFCDYMFQQAVK
490,EQGETQNILQK
491,EQGYIFGDYIER
492,EQLQDMGLIDLFSPEK
493,EQLQDMGLIDLFSPEK
494,EQLTFLAPLNSVFK
495,EQLTFLAPLNSVFK
496,EQLWLANEGLITK
497,EQWSNCPTIGQIR
498,ERFPSLHGDCVALPNGDDGECR
499,ERGDAVCTGSGWSSQPFCEEK
500,ERIPEALAGPPNDFGLFLSDDDPK
501,ERPAPAVSSTCATAEDSSVLYSR
502,ESADPLSAWLQDAK
503,ESDPATINAATEIDAPK
504,ESEFLLNSCPER
505,ESEKENYLSEHCPPLHIPGSMSEVQELCK
506,ESFEETLDPFSSK
507,ESGEGAEAEGATAEGAK
508,ESILELITSR
509,ESKPYPEDPSCTMTEFHSTPK
510,ESLDVIPVAQLLSMPSDQDNNGK
511,ESLQQLAEVTR
512,ESNTELAEDCEIK
513,ESNTELTEDCEIK
514,ESPDVEEEDLYER
515,ESSYACYYDEER
516,ESYDDVSSFR
517,ETECTYFSTPLLLGK
518,ETGQQIGDEVR
519,ETLKNEALSTQLR
520,ETNLESLPLVDTHSK
521,ETPGSQPSEPCSGVSR
522,ETSELKEAMEQQK
523,ETWTTNINEIQPSVLQVVNLPIVERPVCK
524,EVAAAAPTLPFYYYHMPSMTGVK
525,EVAAAAPTLPFYYYHMPSMTGVK
526,EVAQQAVDADVHAVGVSTLAAGHK
527,EVESIGAHLNAYSTR
528,EVFSTQADLSAITGTK
529,EVFTEQADLSGITETK
530,EVFTEQADLSGITETKK
531,EVIQEWSLTNIKR
532,EVIVGPDTTSYSLADLSPSTHYSAR
533,EVLGHSIAQLNAENDHPFYYK
534,EVLVTIESSGTFSK
535,EVMQMLVELAK
536,EVSDGIVAPGYEEEALK
537,EVTPVELPNCNLVK
538,EVTSDQVANVVWDYFTQLSNNAK
539,EVVDSYLPVILDMIK
540,EVVQEILQFQEDPQTK
541,EVVSLTEECCAEGADPTCYDTR
542,EVVSLTEECCAEGADPTCYDTR
543,EWGYASHNGPDHWHELYPIAK
544,EYQDIEEMIFHR
545,EYTDGSFTNR
546,EYVLPSFEVR
547,EYYGAGVNGDPVFR
548,FALEAANYQDTIGR
549,FALEIPVEFSMVPMAK
550,FALPSPQHILGLPIGQHIYLSTR
551,FALQVNTLPLNFDK
552,FALQVNTLPLNFDK
553,FAPPQPAEPWSFVK
554,FASEIVDTVYEDGDSIR
555,FATNFYQHLADSK
556,FCNPGFPIGCYITDK
557,FDASFFGVHPK
558,FDEFFSQGCAPGYEK
559,FDHPFLFIIFEEHTQSPIFVGK
560,FDSFGDLSSASAIMGNAK
561,FEDGDLTLYQSNAILR
562,FELTCYSLAPQIK
563,FENAFLSHVISQHQSLLGNIR
564,FESFCLDPSLVTK
565,FESLPAGSTLIFYK
566,FEVSVNVAPGSK
567,FFKPAMPFDLMVFVTNPDGSPASK
568,FFQVACDVPELQDK
569,FGDMQEIIQNFVR
570,FGLDNYQCDCTR
571,FGPAPFSAMVSTPQNR
572,FGVTDFPSCYLLLR
573,FIITALPSIYHCK
574,FISDKDASVVGFFR
575,FKDIFQEIYDKK
576,FKGFDPNQISVATLLFEGDREK
577,FLCTGGVDPYADPNTCK
578,FLENQEQEYVQAVK
579,FLFDSVSSQNMGLR
580,FLGSGGFIGYAPSLSK
581,FLTTTPNSLLVSWQAPR
582,FLTTTPNSLLVSWQAPR
583,FLYFSNWLHGDIR
584,FMNPFNLPNLYQK
585,FMNPFNLPNLYQK
586,FNAHGDANTIVCNTK
587,FNDEHIPDSPYLVPVIAPSDDAR
588,FNPDGEEEDVTVHE
589,FNPVTGEVPPR
590,FNPVTGEVPPRYPLDAR
591,FNQMLNQIPNDYHSSR
592,FNSANEDNVTQVR
593,FNSVVTNPQGHYNPSTGK
594,FPHFDVSHGSAQVK
595,FPQLDDTSFANSR
596,FQGTSYNSCTTEGR
597,FRAEEDIDPNSVHSVPR
598,FRPANPNWGVFSEFGDSSSPATR
599,FRTEDGFSLK
600,FSCMCPQGYEVVR
601,FSGSCVPCADPVAFPK
602,FSLAGATNLNGGLLR
603,FSMVQVWPVR
604,FSNEEIAMATVTALR
605,FSPGAPSGPGPQPNQK
606,FSPLTANLMNLLAENGR
607,FSQVTPTSFTAQWIAPSVQLTGYR
608,FSQVTPTSFTAQWIAPSVQLTGYR
609,FSSSTFEQVNQLVK
610,FSSSTFEQVNQLVK
611,FTASPLEEEK
612,FTCPLTGMWPINTLR
613,FTITPPSAQVVGVLK
614,FTPAAQAAFQK
615,FTQVTANSFK
616,FTVTPSTTQVVGILK
617,FVKHQTVLDNTEGKNPAEWAK
618,FVPAEMGMHTVSVK
619,FVSILMESIPLPDR
620,FVSILMESIPLPDRGS
621,FVSISDLFVPK
622,FVSPIYFTDCNLR
623,FYEQMNGPVTSGSR
624,FYEQMNGPVTSGSR
625,FYGDNPQTSPNLGR
626,FYHPEKDDGMLSK
627,GACANHVSTMANFLK
628,GADIMYTGTLDCWR
629,GAGLFVGQAGTADPDKFQGMISELK
630,GALINVPPPFLGLPR
631,GANPHLQTFTFTR
632,GATYAFTGSHYWR
633,GAVPYVQAFDSLLANPVAEYLK
634,GDACDHDDDNDGIPDDRDNCR
635,GDCVALPNGDGGECR
636,GDEEGIPAVVIDMSGLR
637,GDFANANNFDNTYGQVSEDLR
638,GDFANANNFDNTYGQVSEDLRR
639,GDITGYFPSMYLQK
640,GDLDISIPKPEGDLK
641,GDPVSYVLQVLVGR
642,GDQSTDYGIFQINSR
643,GDSPASSKPVSINYK
644,GDSVDQCALIQSIR
645,GDVDVSIPNIEGDLK
646,GEAGAAGPSGPAGPR
647,GEATAERPGEAAVASSPSK
648,GECQSEGVLFFQGNR
649,GECQSEGVLFFQGNRK
650,GELDPVLEDNSVETR
651,GELGPVGNPGPAGPAGPR
652,GELVPLDTVLDMLR
653,GELVPLDTVLDMLR
654,GEMMDLQHGSLFLK
655,GEMMDLQHGSLFLK
656,GEMMDLQHGSLFLK
657,GEMSNPGEVCSALNLC
658,GEPGPAGSVGPVGAVGPR
659,GESVMVVPTLSEEEAK
660,GETGPAGPAGPIGPAGAR
661,GEVQTVTFDTDEVK
662,GEWACIPYSQLR
663,GFGFITFTNPEHASDAMR
664,GFGNIATNEDAK
665,GFLGCFPDIIGAHK
666,GFSLDQSGASCEDVDECEGNHR
667,GGETSEMYLIQPDTSIK
668,GGGSFVQNNQPVGLR
669,GGKPEEVVVDGSVSSTVLK
670,GGLPSQAFEYILYNK
671,GGNTLTGLALNFIFENSFKPEAGSR
672,GGQTGLQGPGLSVSGPQGHLESESGK
673,GGSGLNAGSALSYIHANHFTEAGGSR
674,GHGALNDLTFTEEVDMEEMDAALK
675,GHGALNDLTFTEEVDMEEMDAALK
676,GHQGHVAAGAVSSTPSNER
677,GIDPFSLDALAK
678,GIFVQSVMPYLVATK
679,GILDALLQTAR
680,GILDGNSAPVFPQPFGVK
681,GINSGSDLPEEQLR
682,GKAEQQTADQLLAR
683,GKDFTPAAQAAFQK
684,GKGPQLFHMDPSGTFVQCDAR
685,GKPDVVVKEDEEYK
686,GLETIASDVVSLASK
687,GLFQVLAGGTVLQLR
688,GLGTDEDAIIGILAYR
689,GLGTDEDSILNLLTSR
690,GLGTDEDTLIEILTTR
691,GLIDEANQDFTNR
692,GLLIEPAANSYLLAER
693,GLLSSAEGEPAVPVLSNHRPPQPLK
694,GLPWSCSAEEVMR
695,GLTSLYALILNNNK
696,GLVAVVTGGASGLGLATAK
697,GLVAVVTGGASGLGLATAK
698,GLVLIAFSQYLQK
699,GMNTLVGYDLVPEPK
700,GNDISSGTVLSDYVGSGPPSGTGLHR
701,GNLFMDINNK
702,GNLLELLAAASAPAEK
703,GPDEEHLGILGPVIWAEVGDTIK
704,GPGLDFEGPDAK
705,GPGVDLPSVDLSMPK
706,GPLSQAPTPAPK
707,GPVAGWMNALEAYQK
708,GQEDLKEQLAMVER
709,GQNEDPGSLLTQFR
710,GQNVQQVSYAIGALAK
711,GQPPVVDGELYNEVK
712,GQPPVVDGELYNEVK
713,GQTVQQVYNSVGALAK
714,GRGAAQNIIPASTGAAK
715,GRLDVLVNNAYAGVQAILNTTNK
716,GRLEEVGNQAR
717,GSCSRPQVCICR
718,GSDALTLLEYPETR
719,GSEVATVPETGR
720,GSFTCQCLPGYQK
721,GSIFNLGSHVLSLEQGNMK
722,GSIPIFWSQRPNLK
723,GSIQHLPELDDEKPEESK
724,GSPDQPQALPLPEQAQEQAQEQAQEQVQPK
725,GSTAPVGGGSFPTITPR
726,GSVHDFPEFDANQDAEALYTAMK
727,GSVHDFPEFDANQDAEALYTAMK
728,GSYTYFAPSNEAWENLDSDIRR
729,GSYTYFAPSNEAWENLDSDIRR
730,GTAGVVPVVPGEVEVVK
731,GTDVNVFTTILTSR
732,GTFASLSELHCDKL
733,GTFASLSELHCDKLHVDPENFR
734,GTFASLSELHCDKLHVDPENFR
735,GTFICDECCSVHR
736,GTGNEVAALQPPLVQLHEGSPYTR
737,GTGTDEDALIEILTTR
738,GTTASQMAQALALDK
739,GTTASQMAQALALDK
740,GTVLAEFQPLVEEPK
741,GVAGALRPLLQGAVPAASEPPVLDVK
742,GVAWSNPFPECVIVK
743,GVEVTVGHEQEEGGKWPYAGTAEAIK
744,GVLEQGWQADSTTR
745,GVQIPLPEGINFVR
746,GVSQAVEHINK
747,GVTYNIIVEALQNQR
748,GVVQDLQQAISK
749,GWFEPIVEDMHR
750,GWLRDPNASPGDAGEQAIR
751,GYATDESTVSSVQGSR
752,GYATDESTVSSVQGSR
753,GYDAPLCNLILFK
754,HCEDVNECETRR
755,HDPSLQPWSASYDPGSAK
756,HEAEKPETSENTETSGK
757,HEDFELLCLDGTR
758,HEMLPANLIQAQR
759,HETVLELTESGVEAAAASAISFGR
760,HEYQANGPEDLNR
761,HFGYTSYSVSNSVK
762,HFLEAIENNK
763,HFVALSTNTAK
764,HGEVCPAGWKPGSDTIKPDVNK
765,HGIPDETCNNYQAK
766,HGIPDETCNNYQAK
767,HGMVIPSMYNNLGLFINHYPNGVVTVNCAR
768,HGNEIYIAPSGVQK
769,HIDCAQVYQNEK
770,HISQISVADDDDESLLGHLMIVGK
771,HITDEADRKYEEVAR
772,HIYFITGETK
773,HLGQSLDCNANVYMRPWENK
774,HLMESPANEMTPTR
775,HLSLLTTMSNR
776,HLTVFEAMPTK
777,HLVGVCYTEEEAK
778,HMEDPLEMER
779,HPDYSVSLLLR
780,HQGQNLLTMTTAPR
781,HQTVLDNTEGKNPAEWAK
782,HSLGDNDAHSIFQSVGINIFTNSK
783,HSLGDNDAHSIFQSVGINIFTNSK
784,HSLGDNDAHSIFQSVGINIFTNSK
785,HSLLPPVVDTTQGK
786,HSLMPMLETLK
787,HTMNEGEPAIYAER
788,HTSSWLVTPK
789,HVAYAVYSLSK
790,HVGDLGNVTAGK
791,HVIPMNPNTDDLFNAVGDGIVLCK
792,HVIPMNPNTDDLFNAVGDGIVLCK
793,HVPLIQPVEK
794,HVTLSALLSTDPER
795,HYTIAALLSPYSYSTTAVVSNPQN
796,IAAFADAAVDPIDFPLAPAYAVPK
797,IAALQAFADQLIAVDHYAK
798,IAATILTSPDLR
799,IADEKYNDTFWK
800,IAEVGGVPYLLPLVNK
801,IAGSFLPFLDEDRLEDLGVSSLEER
802,IASVKPSDAGTYVCQAQNALGTAQK
803,IASWADIVNAHVVPGSGVVK
804,IAVMSFPAEGVESAIK
805,IAVQPGTLGPQGR
806,ICLAEQGRPGDHLDSKTEKALQQ
807,ICPKPDDLPFATVVPLK
808,IDGSLDFK
809,IDLPETFDAR
810,IDQLECDHQLIQEALIFDNK
811,IDSDGDGLVTTEELK
812,IDWPVGSPATIQYTGLDDHLSK
813,IECESAETTEDCIEK
814,IEDELITFVCETASATCPMVHK
815,IEDGVPQHLVLFLGGK
816,IENANLIPAVPDDK
817,IENVDNLGFFIYR
818,IEPPDTGLYYDEYLK
819,IEPVFHVMGF
820,IEYDDQNDGSCDVK
821,IFINNEWHNSVSGK
822,IFNNGADLSGITEENAPLK
823,IFQALNGATDEVVLK
824,IFQWQNIHLAGGLHQLSFPLSVEPALGIYK
825,IGGHGAEYGAEALER
826,IGIFSENEEVTDR
827,IGPAPAFAGDTISLTITK
828,IHLISMQSTIPYALR
829,IIDENTVHMSWERPVDPIVGYR
830,IIDLIPDGYPQISCLPK
831,IIEDNEYTAR
832,IINEPTAAAIAYGLDKGSH
833,IINFLYSTVGALDK
834,IITAESGKPLK
835,IIVYNQPYTGYEK
836,IKEDEDDKTVMDLAVVLFETATLR
837,IKEEGTGIELTGIGSCEIANALSK
838,IKGTQCEDINECEVFPGVCK
839,IKPHLMSQEVPEDWDK
840,IKPHLMSQEVPEDWDKQPVK
841,ILAHLTGTEFMQDPDEEFMK
842,ILAPDMFTESDDMFAAYFDSAR
843,ILAQMTGTEYMQDPDEEALRR
844,ILDDSDSNTSVVQK
845,ILEPGLNVLIPVLDR
846,ILGGQEAAAHAR
847,ILGIPVIITEQYPK
848,ILLANFLAQTEALMK
849,ILQNSHGVEEEYQDLASALGLVK
850,ILQSSSEVGYDAMLGDFVNMVEK
851,ILSLAQEQVGNSPEK
852,ILSLAQEQVGNSPEK
853,ILVQPTFSDTWATR
854,IMDPNIVGNEHYDVAR
855,IMDPNIVGNEHYDVAR
856,IMGIPEDEQMGLLR
857,IMGIPEDEQMGLLR
858,IMGIPEDEQMGLLR
859,IMGIPEDEQMGLLR
860,IMGIPEDEQMGLLR
861,IMGIPEDEQMGLLR
862,INIVPDMVEMVTAK
863,INLPIQTFSALNFR
864,INLPIQTFSALNFR
865,INNIQCPMEAVVFQTK
866,INSVEVYDGTLYR
867,IPAGTTLTLDMLTVK
868,IPEALAGPPNDFGLFLSDDDPKK
869,IPELLSGGSVDSETR
870,IPELLSVGVVDSMTK
871,IPELSQSLDYIQVMTYDLHDPK
872,IPGTGTLAPTASVSGSK
873,IPMYSIITPNVLR
874,IPMYSIITPNVLR
875,IPNPDFFEDLEPFK
876,IPNQFQGSPPAPSDESVK
877,IPNQFQGSPPAPSDESVKIEER
878,IPPDSETTLVLVGR
879,IPVSQVTMEIQPSR
880,IQALLDKYNAEKPK
881,IQALQQQADDAEDR
882,IQEYNVLLDTLSR
883,IQFNESFAEMNR
884,IQFNESFAEMNR
885,IQIEGDPDFR
886,IQVLVEADHFK
887,ISDFLNSFDMSCR
888,ISDFLNSFDMSCR
889,ISEEEELDTK
890,ISEKEEVTTR
891,ISFDPQDTFESEFYLDEKR
892,ISLPGQMTGTPITPLK
893,ISLPLPTFSSLNLR
894,ISLSPEYVYSVSTFR
895,ISMPDVDLHIK
896,ISMPDVDLHIKGPK
897,ISMPDVDLNIK
898,ISVAGVTSGNVGYLAH
899,ISVYYNESSSK
900,ITAFNDGLNHLDSLK
901,ITDVTSGLLGGEDGR
902,ITEGDLSQLTASIR
903,ITYVPMTGGAPSMVTVDGTDTETR
904,IVAERPGTNSTGPGPMAPPR
905,IVATKPLYVALAQR
906,IVEYLDIGFDTTR
907,IVFVPGCSVPLTIVK
908,IVFVPGCSVPLTIVK
909,IVLANDPDADR
910,IVNGEADAMTLDGGHAY
911,IVPNILLEQGK
912,IVQIGGSNAQR
913,IVSNASCTTNCLAPLAK
914,IVSPSGAAVPCKVEPGLGADNSVVR
915,IWEQIQPDLHTNAECVATYK
916,IWSVPNTSCVQVVR
917,IYAMEISDNPGDHELGEPEFR
918,IYSHSGEDIEFGCK
919,IYTFHAHGVTYTK
920,KAEGIPEFYDYDVALVK
921,KDEIATVETINNGK
922,KDNTGQIFSVVSNGK
923,KDPSSNDPLTETIR
924,KEDLVFIFWAPENAPLK
925,KEPALLELEGK
926,KESEFLLNSCPER
927,KGAAIEALNDGELQK
928,KGADFLVTEVENGGSLGSK
929,KGGETSEMYLIQPDTSIKPYR
930,KGGETSEMYLIQPDTSIKPYR
931,KGMLQEEEEEAKR
932,KGPGLYYVDDNGTR
933,KGTDFQLNQLEGKK
934,KGTDFQLNQLEGKK
935,KGTFASLSELHCDK
936,KGTGFQLNQLR
937,KHHLDGETEEER
938,KHNLCGETEEER
939,KIQHELEEAEER
940,KKEEKEEEEQEK
941,KKRGEMWNNTAADDKQPYEK
942,KLAESWGAMFMESSAR
943,KLAESWGAMFMESSAR
944,KLCMAALSHQPQEFPTYVEPTNDEICEAFR
945,KLDQDTVFALANYILFK
946,KLEAAATALATK
947,KLEEGMDNYK
948,KLENCNYAVDLGK
949,KLFQEEFPGIPYPPDAAVECHR
950,KLGLTEEDSVYVFK
951,KLQEGTYVMLAGPNFETVAESR
952,KLQTCCDKPLLK
953,KLVPLLLEDGGDAPAALEAALEEK
954,KMRGKTPSYGKPR
955,KNFESLSEAFSVASAAAALSQNR
956,KPAAAPAPAPAPAPAPAK
957,KPDRDDWESGLNAMECALHLEK
958,KPELDNEKPAAVVAPLTTGYTVK
959,KPFDPENTEEAEFHVDESTTVK
960,KPFDPENTEEAEFHVDESTTVK
961,KPFDPENTEEAEFHVDK
962,KPIGLCCIAPVLAAK
963,KPPTLEPSMDIVLK
964,KPTRPAAASQDSQAADGAGR
965,KPVDQYEDCYLAR
966,KPVKDFASCHLAQAPNHVVVSR
967,KPWNVVSLIYETK
968,KPYNVESYTPQTK
969,KSEIGIAMGSGTAVAK
970,KTCVADESAANCDK
971,KTEAATTAGKPEPNAVTK
972,KTETVCTFQDGALVQHQQWDGK
973,KTGQAAGFSYTDANK
974,KTTLQDFHLDEDR
975,KVITAFNDGLNHLD
976,KVITAFNDGLNHLDSLK
977,KVLGNPSNEEMNAK
978,KVNAEGTVDTVFSEVCTYLDSLK
979,KWEQAGDAEYYR
980,KYGISLCQAILDETK
981,KYMCENQATISSK
982,KYMCENQATISSK
983,LAETHQQECCQK
984,LALDMATNAACASLLK
985,LAMQEFMILPVGASSFR
986,LAMQEFMILPVGASSFR
987,LAQDPFPLYPGELLEK
988,LAQESTMDVENDK
989,LAQGHTTVAELTQR
990,LASVLNTDPALDSELTSK
991,LAVEALSSLDGDLSGR
992,LCAIPNLRENYGELADCCTK
993,LCMAALSHQPQEFPTYVEPTNDEICEAFR
994,LCMAALSHQPQEFPTYVEPTNDEICEAFRR
995,LCRPCQCNDNIDPNAVGNCNR
996,LCRPCQCNDNIDPNAVGNCNR
997,LDANIPEVAVEGPEGK
998,LDGLVDTPTGYIESLPK
999,LDIDSAPITAR
1000,LDLDLTSDSQPPVFK
1001,LEDDILVMDDQNSK
1002,LEDSLLAPQPFLR
1003,LEDTFGPDPTMMR
1004,LEEEDEDEEDGER
1005,LEENYNMNDALYK
1006,LEEVDDADDYDNR
1007,LENSHLVVVNSLEEQNFLQNR
1008,LENYPIPELGPNDVLLK
1009,LEQEEVVHLQATDK
1010,LESDISAQMEYCR
1011,LESDISAQMEYCR
1012,LESDISAQMEYCR
1013,LFATLLPQDPTFHTPLDLYAYAR
1014,LFDSDPITVVLPEEVSK
1015,LFGYQPTIYYPK
1016,LFIYNPSSGEFLGR
1017,LFPNMLPSTFETQSIK
1018,LFQEDNGMPVHLK
1019,LFQEEFPGIPYPPDAAVECHR
1020,LFSFVPSWNLTCK
1021,LFSTSADLSELSAMAR
1022,LFVDPSQGLEVTGK
1023,LFYAPTSGGPEELVPIPGNTNYAILR
1024,LFYSTFATDDRR
1025,LGAAPEEESAYVAGER
1026,LGASNLPAGISLPASAK
1027,LGEWAVVTGGTDGIGK
1028,LGEYGFQNAILVR
1029,LGGVEFNIDLPNKK
1030,LGLDFPNLPYLIDGSHK
1031,LGNYVGAVQDCER
1032,LGPAPVPVGPLSPESR
1033,LGPTLMCLLSTQFR
1034,LGSAADFLLDISETDLSTLTASIK
1035,LGVEFDEITADDR
1036,LGVEFDEITADDRK
1037,LHDVNNDGFLDEQELEALFTR
1038,LIAFSQYLQK
1039,LIASMTSDSLR
1040,LIASMTSDSLR
1041,LIASVADDEAAVPNNK
1042,LINDYVSNQTQGK
1043,LINSLYPEGQAPVK
1044,LISWYDNEYGYSNR
1045,LKDVLLQVEDERR
1046,LKEDTQVADVTTSR
1047,LKELESQVSCLEK
1048,LKGEMMDLQHGSLFLK
1049,LKPDTPYTITVYSQYPDGEGGR
1050,LLAEQEELER
1051,LLCEGLQDPQCR
1052,LLDAVDTYIPVPTR
1053,LLEALDDMLAQDIAK
1054,LLEDVEVATEPTGSR
1055,LLGGQLGLEDFIFAHVK
1056,LLGNMIVIVLGH
1057,LLGPDAAINLADPDGALAK
1058,LLGPNAGPDGLIPWTR
1059,LLLETADNPEVVDVK
1060,LLLEYTDTSYEDK
1061,LLLINNAATLGDVSK
1062,LLLPQQAGFGECDR
1063,LLPASFPCIFGPGEDQPLSPEASR
1064,LLPGAPQQPPK
1065,LLPQVMYLDGYDR
1066,LLQVTPTDSGEYVCR
1067,LLSHCLLVTLASHHPADFTPAVH
1068,LLSQVADILFQTAK
1069,LLTVWLPDSMTTWEIHGVSLSK
1070,LLTVWLPDSMTTWEIHGVSLSK
1071,LLVTLASHHPADFTPAVHASLDK
1072,LLWENGNLLR
1073,LMESHGFEEYMK
1074,LMESHGFEEYMK
1075,LNDIDGFFTR
1076,LNHQMEGLAFQMK
1077,LNHQMEGLAFQMK
1078,LNITPNSGATGNNAGPK
1079,LNLGNNGFTHLSPR
1080,LNMEAINYMAADGDFK
1081,LNMEAINYMAADGDFK
1082,LNQISYEDHK
1083,LNQNLNDVLVSLEK
1084,LPAGLPTSLLTLYLDNNK
1085,LPAIAADFVEDQEVCK
1086,LPAIEPSDQGQYLCR
1087,LPCVEDYLSAILNR
1088,LPDGSEIPLPPILLGK
1089,LPDLPGNYVTK
1090,LPEGQLPEAELPAAK
1091,LPGMIGSLPDPFGEEMR
1092,LPMGSQCSVDLESASGEK
1093,LPPLPVTPGMEGAGVVVAVGEGVGDRK
1094,LPPLPVTPGMEGAGVVVAVGEGVGDRK
1095,LPPLPVTPGMEGAGVVVAVGEGVGDRK
1096,LPVEEAVGIPNIPVHPIGYNDAER
1097,LPYDVTPEQALSHEEVK
1098,LQALSPELLAPVPR
1099,LQDQGPDVLLAK
1100,LQDTYNLDTNTISK
1101,LQDTYNLDTNTISK
1102,LQDVTDDHIR
1103,LQEHLKPYAVDLQDQINTQTQEMK
1104,LQELEGPSVSIMQK
1105,LQNVAITGPAVPYSR
1106,LQPALWPFPR
1107,LQPQTTYDITVLPMYK
1108,LQPQTTYDITVLPMYK
1109,LQSLGVPVAAASR
1110,LQSRPAVPPAPGPGQLTLR
1111,LQTCCDKPLLKK
1112,LQVTASPQSLCGLR
1113,LRAEGDGVYTLNDEK
1114,LSAAAQSTVYAFSAR
1115,LSDAGITPLFLTSQEDR
1116,LSDNPAWEGDK
1117,LSEALTDFSVK
1118,LSEIDVSTEGVK
1119,LSENAGIQNLLLSK
1120,LSESNIQPIFAVTK
1121,LSFDQPNDFK
1122,LSFGDTLQVQNVHGAFNALGGADR
1123,LSFLYLDHNDLESVPPNLPESLR
1124,LSFPLSVEPALGIYK
1125,LSGDWNPLHIDPDFASVAGFEK
1126,LSIGEGQQHHMGGSK
1127,LSLVCDSAPGPITMDLTGDLEALK
1128,LSLVCDSAPGPITMDLTGDLEALKK
1129,LSLVCDSAPGPITMDLTGDLEALKK
1130,LSPQTVNSVAK
1131,LSPTNCDASEPLAEK
1132,LSPTNCDASEPLAEK
1133,LSQYQEPIHLPGVR
1134,LSSFIGAIAIGDLVK
1135,LSSGQISGPEIK
1136,LSWDPSPSAVTGYK
1137,LTAEDLYEAR
1138,LTAEFEEAQR
1139,LTAQPAPSPEDLTLSMSTIMWLTK
1140,LTCQCLGFGSGHFR
1141,LTCQCLGFGSGHFR
1142,LTDNSNQFQTEVGK
1143,LTEMETMQSQLMAEK
1144,LTLPFLLLQGSADR
1145,LTLVCSTAPGPLELDLTGDLESFK
1146,LTLVCSTAPGPLELDLTGDLESFK
1147,LTLVCSTAPGPLELDLTGDLESFKK
1148,LTLVCSTAPGPLELDLTGDLESFKK
1149,LTNLEGVYNSETEK
1150,LTPIHDHIFCCR
1151,LTPTTPESSSTGTEDK
1152,LTQLGTFEDHFLSLQR
1153,LTQQAGDLTVPAGGQR
1154,LTSDPTDIPVVCLESDNGNIMIQK
1155,LTTAMCNEVTSLSK
1156,LTTDFNVIVQALSK
1157,LTWEPPEFDGGSPILHYVLER
1158,LTYLLETQGR
1159,LTYLQPALLCGLGELR
1160,LVALYNQGHIKPR
1161,LVDKNIFSFYLNR
1162,LVDVEEMNYLASK
1163,LVINGKPITIFQER
1164,LVINGKPITIFQER
1165,LVNLQHLDLLNNR
1166,LVNSLYPEGSKPVK
1167,LVPFVVQLSGHLAQETER
1168,LVQEVTDFAK
1169,LVSQTHLCGGSIIGR
1170,LVYHLGLPYSFLTFPYVEEAIK
1171,LVYHLGLPYSFLTFPYVEEAIK
1172,LYIDETVNDNIPLNLR
1173,LYQGNLAVTTLGSPCLPWNSLPAK
1174,LYQGNLAVTTLGSPCLPWNSLPAK
1175,LYTVDYLSNMVGGR
1176,LYVSGHDPGLIFGIR
1177,LYVSGHDPGLIFGIR
1178,MAEGEEKEDQSEDK
1179,MAPYQGPDAAPGALDYK
1180,MDATANDVPSPYEVK
1181,MDATANDVPSPYEVK
1182,MDATANDVPSPYEVK
1183,MDGTYACSYTPLK
1184,MEDGVGCLETAEEAK
1185,MEDGVGCLETAEEAK
1186,MEIDDLASNMEVISK
1187,MFESFIESVPLFK
1188,MFGGSGTSSRPSSNR
1189,MFGGSGTSSRPSSNR
1190,MFGVPVVVAVNVFK
1191,MGAPEAGMAEYLFDK
1192,MGHYLHEVAR
1193,MGHYLHEVAR
1194,MGLVDQLVEPLGPGIK
1195,MIADVDTDSPR
1196,MIATDPDDTHAYNVADFESLSK
1197,MIECIQQLSQSR
1198,MIECIQQLSQSR
1199,MIKPFFHSLCDK
1200,MIKPFFHSLCDK
1201,MISSYVGENAEFER
1202,MISSYVGENAEFER
1203,MIVECVMNNATCTR
1204,MLADSPPQDHSCCSGALYYGTK
1205,MLDSLLAIGGLVLLR
1206,MLFLLGADGGCITR
1207,MLGADAVGMSTVPEVIVAR
1208,MLGAPEEADANEEGVRR
1209,MLLEYTDSSYDEK
1210,MLQNLLPEGK
1211,MLQPSGPPADKPEEN
1212,MLSLAEQQLVDCAQAFNNHGCK
1213,MLSLAEQQLVDCAQAFNNHGCK
1214,MLSNENFEEYLR
1215,MLTPPMGTVMDVLK
1216,MLTPPMGTVMDVLK
1217,MLTPPMGTVMDVLK
1218,MMGLLQLSGPDK
1219,MMNGSHYSYSESR
1220,MMVDCTCLGEGNGR
1221,MNEETASLLLR
1222,MNEETASLLLR
1223,MNVAPACLPQKDWAESTLMTQK
1224,MPEDGLSEDKKPFK
1225,MPHRLAIESTMNEIRWLLEDEMVGALR
1226,MQHLEQTLNK
1227,MQHLEQTLNK
1228,MQHLEQTLSK
1229,MQHLEQTLSK
1230,MQQVEASLQPETLR
1231,MQQVEASLQPETLR
1232,MQQVEASLQPETLR
1233,MQQVEASLQPETLRK
1234,MSINCEGTPGQQSR
1235,MSLDYHFVTPLTSLTIR
1236,MSPIYNLIPLK
1237,MVEEIVKYEALLLTHETSIR
1238,MVEEIVKYEALLLTHETSIR
1239,MVGVPAAFDMMLTGR
1240,MVSQSHAVVPEGADK
1241,MVTTECPQFVQNINIENLFR
1242,MVTTECPQFVQNINIENLFR
1243,MVVLTSPQVSDSMR
1244,MYKEEGLNAFYK
1245,MYVAVWTPYGILR
1246,MYVAVWTPYGILR
1247,MYYSGVDPTK
1248,MYYSGVDPTK
1249,NADMSEEMQQNSVECATQALEK
1250,NAFVTPGPPSIPEVTK
1251,NAGTCLSPAVIVGLLR
1252,NAIDDGCVVPGAGAVEVALAEALIK
1253,NALANPLYCPDYR
1254,NALPTPSDDPTALMTDPK
1255,NALPTPSDDPTALMTDPK
1256,NALWHTGNTEGQVR
1257,NANPSELEQIVLSPAFILAAESLPK
1258,NANPSELEQIVLSPAFILAAESLPK
1259,NCIPQYTIGHWQK
1260,NDGLNHLDSLK
1261,NDVSWSQPGEK
1262,NECFLQHKDDNPSLPPFERPEAEAMCTSFK
1263,NECFLQHKDDNPSLPPFERPEAEAMCTSFK
1264,NEFGELESNK
1265,NEILTQCCAEADKESCLTPK
1266,NEKDLTFYYLIK
1267,NEKSEEEQSSASVK
1268,NELTYQMEQDHNLQSVLQER
1269,NFDVSWDSSPNTNKPCLNVYR
1270,NFLTEDSADLDSIEAVANEVLK
1271,NGDRGETGPAGPAGPIGPAGAR
1272,NGNLPEFGDAIATASK
1273,NGNPNGEGLPHWPEYDEK
1274,NGPVEGAFTVFSDFLTYK
1275,NGSEADIDESLYSR
1276,NHAVSFDPLFSAVK
1277,NIDNPAIADIYTEHAHQVVVAK
1278,NIEDVIAQGVGK
1279,NIGVEVFSLGIK
1280,NIIQLIINAYSSIR
1281,NILLTNEQLENAR
1282,NIPEDAADMAR
1283,NIQVYNPTPNSLDVR
1284,NKEDQYEHLDAADVTK
1285,NKESVVFVQTDKPVYKPGQSVK
1286,NLEPEWAAAATEVK
1287,NLEVSCDLESGGSR
1288,NLFDELVLDK
1289,NLKQEDFELLCPDGTRKPVK
1290,NLLEISGPETVPLPNVPSVALPSK
1291,NLLELLINIK
1292,NLLFNDNTECLAK
1293,NLMSSTEYQIAVFAVSAHTASEGLR
1294,NLNQALLDLHALGSAR
1295,NLQPDTPYTITVVPVYTEGDGGR
1296,NLTEEMAGLDENIAK
1297,NLVTALSDMGDMLQK
1298,NLVTALSDMGDMLQK
1299,NLVTALSDMGDMLQK
1300,NMAEQIIQEIYSQVQSK
1301,NMALLSQLYHSPAR
1302,NNEPMMYTYDEYK
1303,NNGKEDLIWEILK
1304,NNHNMLQEEDLIDEDDILVR
1305,NNHNMLQEEDLIDEDDILVR
1306,NNTALQSVSLR
1307,NNVTPDMMEEMYK
1308,NNYATMRPDSTEIDQDTINR
1309,NNYATMRPDSTEIDQDTINR
1310,NPAEWAK
1311,NPDTNIVFSPLSISAALAIVSLGAK
1312,NPITSVDAAFR
1313,NPNPSALPQLQEQR
1314,NPPETDPTEHTEH
1315,NQAPGQPGASQWGSR
1316,NQQEGVCPEGSIDN
1317,NRIPESGGDNGVFDIFELIGGAR
1318,NRPDSELQLSTGNGLFVNNDLK
1319,NSCPPTAELLGSPGR
1320,NSDVLQSPLDSTAR
1321,NSEPLVGIILDNGGK
1322,NSIAYLDEETGSLNK
1323,NSITLTNLNPGTEYVVSIIAVNGR
1324,NSLCPSGGNILTPLLQQDCHQK
1325,NSQLTGGFTVEPVHDGAR
1326,NSWGLNFGDQGYIR
1327,NSYPHFYDGSEIVVAGR
1328,NSYPHFYDGSEIVVAGR
1329,NTDGVNFYNILTK
1330,NTDPGYNCLPCPPR
1331,NTELCETPATSDTK
1332,NTETNVFPQDK
1333,NTEYTLFESISGK
1334,NTFAEITGLSPGVTYLFK
1335,NTLLIAGLQAR
1336,NTPIYVSSPTWENHNAVFSAAGFK
1337,NTQINNSWGQEER
1338,NTQNLLHMPYGCGE
1339,NTTPTGAAPPAGMTSTR
1340,NTTPTGAAPPAGMTSTR
1341,NVDGTAFVIFGVQDGDKK
1342,NVINVQTDLGIPETPKPSCGDPAAR
1343,NVLDTSWPTPPPALR
1344,NVNGVNYASVTR
1345,NWETEITTQPDGGK
1346,NWRDPDQTDGPGLGYLSSHIANVER
1347,NYAGVFMDAGLAFK
1348,NYAGVFMDAGLAFK
1349,NYELHPDKYILK
1350,NYGLVPEEDITFIK
1351,NYKPIMQTTGNAR
1352,NYLSMVGSCCTSANPTVCFVK
1353,NYLSMVGSCCTSANPTVCFVK
1354,NYVDQYSEVCVQMLMHMQPK
1355,PAAVEAVTAAGSQHIQTLTDEVTK
1356,PANVGDYPWQVAIK
1357,PAQGVITTLENVSPPR
1358,PAWLGFLGPVIK
1359,PCFSALTVDETYVPK
1360,PCVEDYLSAILNR
1361,PEAEQVALLAVDYLNNHLLQGFK
1362,PFDPENTEEAEFHVDK
1363,PFLLPVESVYSIPGR
1364,PGLPFSGQVLLVDEK
1365,PNSQLGIQTVK
1366,PPSSTVQQGQDASFK
1367,PQNVVLPGPAPWGFR
1368,PQNVVLPGPAPWGFR
1369,PQTEAPQVTGPIEVPVVR
1370,PSLDLLEQQHQLIQEALIFDNK
1371,PSLDLLEQQHQLIQEALIFDNK
1372,PSLQPWSASYDPGSAK
1373,PTMADELYDQNYPIHSVEDR
1374,PTTFMGHYLHEVAR
1375,PVAFSVVPTAAANVPLK
1376,PVVSFIAGITAPPGR
1377,PYFPIPEDCTFIQNVPLEDR
1378,PYLPNVDEEVQIGHVPR
1379,QAAASATQTIAAAQHAASAPK
1380,QADGPDMQSLFTQYFQSMTDYGK
1381,QAMELNPQNQYLK
1382,QAQQIVQPQSPVAVSQSK
1383,QASGFQLFASPSGQK
1384,QCVHQSCFTSLR
1385,QCVHQSCFTSLR
1386,QDAQELYEAGEKR
1387,QDAQELYEAGEKR
1388,QDDVVQLELPVTEAQQLLSACIEK
1389,QDLGSPEGIALDHLGR
1390,QDPSETSDSGVTLGR
1391,QDSTQNLIPAPSLLTVPLQPDFR
1392,QEACVFKEEIYCICDIPVMKVYNPAR
1393,QEDFELLCPDGTR
1394,QEDFELLCPDGTR
1395,QEDFELLCPDGTRK
1396,QEEDLANINQWVK
1397,QEIFQEQLAAVPEFQGLGPLFK
1398,QEMNKDLEEVKQK
1399,QEMNKDLEEVKQK
1400,QEPGENSEILPSLK
1401,QEPSLGCPIPAILFSPR
1402,QEQDTYALSSYTR
1403,QEQILLSSDSASDR
1404,QEVEADSGVEQDPHAK
1405,QFAAQANAIGPWIQGK
1406,QFDNLKPSGGYITGDQAR
1407,QFEDFTVYLGER
1408,QFFPTDEDESGAAR
1409,QFLECAQNQSDVK
1410,QFLEELLTTQCDR
1411,QFLEELLTTQCDR
1412,QFLEELLTTQCDR
1413,QFLLAAEAIDDIPFGITSNSGVFSK
1414,QFLLAAEAIDDIPFGITSNSGVFSK
1415,QFNSLSLEELGSNTGIQVFNQIIK
1416,QGETLNVLETGYSR
1417,QGFSYQCPHGQVVVAVR
1418,QGGGGAGGSVPGIER
1419,QGGLGPMNIPLISDPK
1420,QGGLGPMNIPLISDPK
1421,QGGLGPMNIPLISDPK
1422,QGGSESEAATLAMVGR
1423,QGNCYLAAINCLR
1424,QIATLHAQVTDMKK
1425,QIFGEATK
1426,QIFSAEFEVK
1427,QIGGDGMQDITDTYK
1428,QIGGDGMQDITDTYK
1429,QIIEQLSSGFFSPK
1430,QIIEQLSSGFFSPK
1431,QITINDLPVGR
1432,QKPDGVFQEDGPVIHQEMIGGFR
1433,QKPDGVFQEDGPVIHQEMIGGFR
1434,QKPDGVFQEDGPVIHQEMIGGFR
1435,QKPDGVFQEDGPVIHQEMIGGFR
1436,QKPDGVFQEDGPVIHQEMIGGFR
1437,QKVAPLGAELQESAR
1438,QKVEGSEPTTPFNLFIGNLNPNK
1439,QLAGLVADYYQPR
1440,QLFALSCAAEEQGMLPEDLSGVIR
1441,QLFALSCAAEEQGMLPEDLSGVIR
1442,QLGDAFADLSLK
1443,QLGDAFADLSLK
1444,QLISTHFAPGDFQGFALVNPQR
1445,QLLLTPSAVVIVEDAK
1446,QMNPYIQVTSHQNR
1447,QMSFSLAAEPIQGPYK
1448,QNMVLFAPNIYVLK
1449,QNPMTLGNVVIFDK
1450,QNPMTLGNVVIFDK
1451,QNYHQDAEAAINR
1452,QNYSTEVEAAVNR
1453,QPAENVNQYLTDSK
1454,QPMAPNPCEANGGR
1455,QQNSHGGFSSTQDTVVALQALSK
1456,QQQEAISPQEQEAVSPDISTTER
1457,QQSQVLDAMQDSFAR
1458,QRDELGQGLQGVEQK
1459,QRDYETATLSDIK
1460,QRGPDEEHLGILGPVIWAEVGDTIK
1461,QSEPQEISLPSPER
1462,QSPLITAWPEELISK
1463,QSPVDIDTATAQHDPALQPLLISYDK
1464,QSVNHQMAQEDAQR
1465,QSVNHQMAQEDAQR
1466,QSVNHQMAQEDAQR
1467,QTALAELVK
1468,QTFPNADFAEITK
1469,QTQVSVLPEGGETPLFK
1470,QTTQYPEANALVR
1471,QVCEDAPDNAVQLLGELMNQSHR
1472,QVCEQLISGQMSR
1473,QVCEQLISGQMSR
1474,QVCEQLISGQMSR
1475,QVCEQLISGQMSR
1476,QVLNQIDK
1477,QVLVAPGNAGTACAGK
1478,QVSTPTLVEAAR
1479,QVTQTYWEDKPSR
1480,QVVDSAYEVIK
1481,QWSGTPPVCTPMK
1482,QWVNTVAGEKLPECEAVCGKPK
1483,QWVNTVAGEKLPECEAVCGKPK
1484,QYEEHQQATEMLR
1485,QYNVGPLASKYPLR
1486,RAGAEGSSNVFSMFDQTQIQEFK
1487,RCELCDDGYFGDPLGSNGPVR
1488,RCVDALSAISVQTATCNPEAESQK
1489,REECSVPVCGQEGR
1490,RENEFFIVTQTCK
1491,RFTGLQYLR
1492,RGDFANANNFDNTYGQVSEDLR
1493,RGDLPFVVTR
1494,RGQCVKPLFGAVTK
1495,RHPYFYAPELLYYAEQYNEILTQCCAEADK
1496,RHTGIYPFATEMR
1497,RKPLNIDHLSDDK
1498,RLETYYNATEPVISFYDKR
1499,RLGAPQQPGPGPPPPHSR
1500,RLSLVCDSAPGPITMDLTGDLEALK
1501,RPCFSALTVDETYVPK
1502,RPCFSALTVDETYVPK
1503,RPEEPPRKDPSSNDPLTETIR
1504,RPGAAEPSPDGTTGHTYNQYTQR
1505,RPPLCFHNGVQYK
1506,RPPLCFHNGVQYK
1507,RPSPDDDLTDEDNDDMQLQAQR
1508,RPSPDDDLTDEDNDDMQLQAQR
1509,RQDNVQELAQQAIHEFQETLK
1510,RQQLVPSYAR
1511,RSALQSINEWASQTTDGKLPEVTK
1512,RSELLESLNK
1513,RSLPLPEGLPAEPPK
1514,RTEISIDISSK
1515,RVAEDDEDDDVDTK
1516,RVAEDDEDDDVDTK
1517,RVDSVNPPYPR
1518,RVPDGLPSALEQLYLEHNNVYTVPDSYFR
1519,RVSEMEMASR
1520,SAAVSFIPFMTFFK
1521,SADLNVDSIISYWK
1522,SAEVDSDDTGGSAAQK
1523,SAGTSLVNFFSSLMNLEEKPAPAA
1524,SAGTSLVNFFSSLMNLEEKPAPAA
1525,SAGVDDQENWHEGK
1526,SAGWVIPIGLLFCK
1527,SALEHSVQCAVDVK
1528,SALLDSIQNLQVALTSK
1529,SALLILPDQGR
1530,SALQSINEWASQTTDGKLPEVTK
1531,SAPDFTATAVVDGAFK
1532,SAYYKPLLSAEEAAK
1533,SCDMPVFENSITK
1534,SCEAGYSPSYKEDK
1535,SCPTCTDSLLNGDFTIVYDVNR
1536,SDAPPLTLDGIKDR
1537,SDFDMVDYLNELR
1538,SDFDMVDYLNELR
1539,SDFQTLEVTSNDPATFTDKPTR
1540,SDQLTGLSLLPLSEK
1541,SDSMDTGAGSIR
1542,SDVLELTDENFESR
1543,SEAHTADGISIR
1544,SEGDPSNGPEELPSR
1545,SEIAHRYNDLGEQHFK
1546,SELEEDIIPEEDIISR
1547,SETAPAAPAAPAPVEK
1548,SETAPAETAAPAPVEK
1549,SFDQLTPEESK
1550,SFDQLTPEESKER
1551,SFEDTIAQGITFVK
1552,SFFPEEISSMVLTK
1553,SFGDLSSASAIMGNAK
1554,SFGDLSSASAIMGNAK
1555,SFLGNDDIGNLDGQVPDPDDLAR
1556,SFNTVPYIVGFNK
1557,SFPDFPIPGVLFR
1558,SFPVQDFLLSQLR
1559,SFSTYDKDTDSAITNCALSYK
1560,SGAGREDSACIPWAYYSTVDR
1561,SGAQATWTEVSWPHEK
1562,SGECPGDVYKADGIR
1563,SGERPVTAGEEDEEVPDSIDAR
1564,SGETTTAEEIK
1565,SGFIEEDELGSILK
1566,SGLLVLTTPLATLAAR
1567,SGPRPPLPPDRPGAGAPPPPPPSTSVR
1568,SGQPGPVGPAGVR
1569,SHAEDLGNLEGVKPAVLTR
1570,SHGSHETDEEFDAR
1571,SHHPADFTPAVHASLDK
1572,SIAQYWLGCPTSE
1573,SIAQYWLGCPTSEK
1574,SIAQYWLGCPTSEK
1575,SIEYSPQLEDASAK
1576,SIITLDGGALVQVQK
1577,SINDNIAIFTDVQK
1578,SINPLGGFVHYGEVTNDFIMLK
1579,SIPTVNENLENYYLEVNELEK
1580,SISIIDSPGILSGEK
1581,SITTIIDTFHQYSR
1582,SIVNNGHSFNVEFDDSQDNAVLK
1583,SKDEQQVIWR
1584,SLAGQDQEEQKLEQETQQPLR
1585,SLAPLTVGVQEK
1586,SLCTELQGTVAIPR
1587,SLDEVSQPAQELKR
1588,SLDLSTDPVLATEK
1589,SLEDQVETLR
1590,SLEGDLEDLKDQIAQLEASLSAAK
1591,SLEYLDLSFNQMSK
1592,SLFSSAENEPPVPLVGNWRPPQPVK
1593,SLGPNTCSSNGSSLYFIHGPNLYCYSSIDK
1594,SLGSGTCTLPLVHR
1595,SLNPELGTDADKEQWK
1596,SLNSEMDNILANLR
1597,SLPEGVVDGIEVYSTK
1598,SLPVNDSVLDVFER
1599,SLQGDKLEVSSK
1600,SLQPEIQPFPQTASR
1601,SLQYGEQVSEILSR
1602,SLSLCGMVWEHKK
1603,SLTMVEDNEDDDEDGEELLHHHR
1604,SLTMVEDNEDDDEDGEELLHHHR
1605,SLTNDWEEHLAVK
1606,SLYSAISLFNNPMK
1607,SMIQEVDEDFDSK
1608,SMTEQEQQQLIDDHFLFDK
1609,SMVPVQVQLDAPVVK
1610,SNDPVAVAFADMLK
1611,SNEDQSMGNWQIR
1612,SNEDQSMGNWQIR
1613,SNEQMVSEKPSESK
1614,SNFEEALAAHK
1615,SPAPKPSDLRPGDVSGK
1616,SPFSVGVSPSLDLSK
1617,SPSASDLPQEELVDQK
1618,SPTGLTLGSLVDEIQR
1619,SPWSMDENLMHISYEAGILENPK
1620,SPYTVTVGQACNPAACR
1621,SQDKLNQVSNNIK
1622,SQEGRPMQVIGALIGKQ
1623,SQFSLTNGMYPHK
1624,SQGSGLSSGGAGEGQGPK
1625,SQHVQVEEGSEPDAFWEALGGK
1626,SQPVSAIATTAMGSPK
1627,SQPVSAIATTAMGSPK
1628,SQRPYVLTADTLK
1629,SQTFPNADFAEITK
1630,SQTQSLNTPGPTLSHPR
1631,SQVMDEATALQLQEGLTSIEEVTK
1632,SSASFNIIEFPYK
1633,SSDAVAGPASSLK
1634,SSEAPPLVNEDVKR
1635,SSELAAALLSVFLER
1636,SSEVGTDEALDDTQK
1637,SSGSLFNNAMK
1638,SSGSLFNNAMK
1639,SSGSSYPSLLQCLK
1640,SSISCTMNESKSTSLK
1641,SSITPGTVLIILTGR
1642,SSPLIQFNLLHSK
1643,SSPLPLQEGPGPEGGR
1644,SSPVIIDASTAIDAPSNLR
1645,SSQDMLSVMEK
1646,SSQSQPSFPWQVR
1647,SSRPASLQILYAPR
1648,SSTNVEEAFFTLAR
1649,SSTPLPTVSSSAENTR
1650,SSTQPFFGYVGAFK
1651,SSVDDLVGIDYSLLK
1652,SSVFVVDAK
1653,SSVSQVESDLK
1654,STATINNIKPGADYTITLYAVTGR
1655,STCHNQNSMSICEEFSQQADDK
1656,STGGAPTFNVTVTMTAK
1657,STGGGLMEEMNAMLAR
1658,STGLAFSLYQAMAK
1659,STGLAFSLYQAMAK
1660,STMINYLLGLEDTR
1661,STNDKEEAIWELLR
1662,STPEDQILYQTER
1663,SVASIGGNIITASPISDLNPVLMASR
1664,SVASIGGNIITASPISDLNPVLMASR
1665,SVDGKEDSIQELLR
1666,SVEDAQDVSLALTQK
1667,SVEVSDPVPAGDLVK
1668,SVFQVSQMVAR
1669,SVFQVSQMVAR
1670,SVIGMGTGAGAYILTR
1671,SVIVEPEGIEK
1672,SVMQEGAAPLPR
1673,SVPLATTPMAEQRPESTATAAVK
1674,SVPMSTVFYPSDGVATEK
1675,SVPMSTVFYPSDGVATEK
1676,SVTQQPGSEVIAPQK
1677,SVYTPQQPVK
1678,SWLPQDCTLVDMK
1679,SYEGDQVVISCTGK
1680,SYSCTCSPGYEGK
1681,SYSPYDMLESIKK
1682,SYSPYDMLESIKK
1683,TADFQQPTEAK
1684,TAESGELHGLTTDEK
1685,TAFFTISGVSTADSGK
1686,TAFNDGLNHLDSLK
1687,TAGWNIPMGMLYNR
1688,TAGWNIPMGMLYNR
1689,TAGWNIPMGMLYNR
1690,TAGWNIPMGMLYNR
1691,TAGWNIPMGMLYNR
1692,TAGWNIPMGMLYNR
1693,TAGWNIPMGMLYNR
1694,TAHISGLPPSTDFIVYLSGIAPSIR
1695,TAHISGLPPSTDFIVYLSGIAPSIR
1696,TALLDAAGVASLLTTAEAVVTEIPK
1697,TANLGAGAAQPLR
1698,TANLGAGAAQPLRDR
1699,TATALFESPLSATVQDALQSFLK
1700,TATFAQALQSVPETQVSILDNGLR
1701,TATFAQALQSVPETQVSILDNGLR
1702,TCGDIPELEHGSAK
1703,TCGFDFSGALEDISK
1704,TCGFDFSGALEDISK
1705,TCVADESAANCDKSLHTLFGDK
1706,TCVDINECVLDPGK
1707,TCVDINECVLDPGK
1708,TDDPLLQLLQK
1709,TDDQFSVVDFNHNVR
1710,TDDYLDQPCCETINR
1711,TDLFSSSCPGGIMLK
1712,TDLFSSSCPGGIMLK
1713,TDMFQTVDLYEGK
1714,TDMFQTVDLYEGK
1715,TDPTTLTDDEINR
1716,TDVTQQLSTLFQDK
1717,TDVTQQLSTLFQDK
1718,TEGLSVLNQAMAVIK
1719,TEIDKPSQMQVTDVQDNSISVR
1720,TEIDKPSQMQVTDVQDNSISVR
1721,TELLPGDRENLAIQTR
1722,TENYDEHLEVFK
1723,TESELLEISGK
1724,TESSGGWQNHDCSIALPYVCK
1725,TESSTVVPTLPGEVR
1726,TETTGATGQASSLLSGR
1727,TETTGATGQASSLLSGR
1728,TETVCTFQDGALVQHQQWDGK
1729,TETVEEPLEEDEAAK
1730,TFCSEPEKVDKDNEDFQESNR
1731,TFGEVTDLDNEVNGMLR
1732,TFHETLNCCGSNALTTLTTTILR
1733,TFLDDPIWR
1734,TFSHELSDFGLESTTGEVPVVAIR
1735,TFSHELSDFGLESTTGEVPVVAIR
1736,TFVSITPAEVGVLVGK
1737,TFVSITPAEVGVLVGK
1738,TGALCWFLDEAAAR
1739,TGDFQLHTNVNNGTEFGGSIYQK
1740,TGEPEQEAVSR
1741,TGLDSPTGFDSSDITANSFTVHWVAPR
1742,TGQATVASGIPAGWMGLDCGTESSKK
1743,TGQATVASGIPAGWMGLDCGTESSKK
1744,TGSESSQTGASATSGR
1745,THEQLTPLVR
1746,THIQDNHDGTYTVAYVPDVPGR
1747,THITNAFNWLSMK
1748,THITNAFNWLSMK
1749,THSDSDILTNIEDPSSHVPEFSSSSK
1750,TIAACNLPIVQGPCR
1751,TIGVSNFNPLQIER
1752,TILDDLRTDDQFSVVDFNHNVR
1753,TILDDLRTDDQFSVVDFNHNVR
1754,TIPAWATLSASQLAR
1755,TISGSPLPYTFITVEIK
1756,TKCDEWSIISEGK
1757,TKCDEWSIISEGKIECESAETTEDCIEK
1758,TKDLQAICGLSCDELSSMVLELK
1759,TKFDPSLTQK
1760,TKTETITGFQVDAIPANGQTPVQR
1761,TKTPNTSPAELK
1762,TLAFLIPVIELIVK
1763,TLDVNQDSELR
1764,TLEAQLTPQVVER
1765,TLEDQLSEVK
1766,TLEDQVSELK
1767,TLEELQDEYDFK
1768,TLEIPGSSDPNIVPDGDFSSLVR
1769,TLFPSQIEELNLPK
1770,TLFPSQIEELNLPK
1771,TLFSLMQYSDEFR
1772,TLFSLMQYSDEFR
1773,TLGISPFHEFADVVFTANDSGHR
1774,TLINAEDPPMIVVR
1775,TLLEGSGLESIINIIHSSLAEPR
1776,TLLQIGVMPLLNER
1777,TLMQVLAFLSQDR
1778,TLNLAQNLLTQLPK
1779,TLQISPLDNGDLVR
1780,TLQNILEVEK
1781,TLQQLQQQSQELQEVLGETDR
1782,TLTTAAVSTAQPILSK
1783,TMAFLEEELPITACGVYTYGKPVPGLVTLR
1784,TMAFLEEELPITACGVYTYGKPVPGLVTLR
1785,TMEAHPYSTMHNSNNYLHLSVSR
1786,TMEAHPYSTMHNSNNYLHLSVSR
1787,TMEAHPYSTMHNSNNYLHLSVSR
1788,TMEAHPYSTMHNSNNYLHLSVSR
1789,TMEAHPYSTMHNSNNYLHLSVSR
1790,TMEEILEGLK
1791,TMEEILEGLK
1792,TMSGLDCQAWDSQSPHAHGYIPAK
1793,TNVNEPASDTLQEVK
1794,TPAGLQVLNDYLADK
1795,TPAGLQVLNDYLADK
1796,TPDLSVQLPSADLELK
1797,TPDQIMELFDSITYSK
1798,TPIGSFLGSLASQPATK
1799,TPILLGSLAHQIYR
1800,TPSCQDIVAGDMSK
1801,TQASQSTQAHENNR
1802,TQAYPDQKPGTSGLR
1803,TQAYPDQKPGTSGLR
1804,TQDDIETILQLFR
1805,TQEFPHILTLIGR
1806,TQEQLASEMAELTAR
1807,TQLAPHSEQMR
1808,TQLAPHSEQMRESLAQR
1809,TQPMVATTTTVAEK
1810,TQPTDEEMLFIYSHFK
1811,TQSSLVPALTEFVR
1812,TQVPEVFLSK
1813,TRENECHFYAGGQVYPGEASR
1814,TRPEFYLNSHMDQQGVISAIR
1815,TRPEFYLNSHMDQQGVISAIR
1816,TSASGEEANSRPVVQPHPSGSLIIDK
1817,TSEANHDSSLKPLSISYNPATAK
1818,TSGPPVSELITK
1819,TSGSSLDWVYDLGIK
1820,TSISDMELALPDFLK
1821,TSRPENAIIYSNNEDFQVGQAK
1822,TSTADYAMFR
1823,TSYDPGEQIVYSCK
1824,TTCQDITECQTSPAR
1825,TTDAEFHTFFNEK
1826,TTDMAVTGFASPLSTGK
1827,TTDMAVTGFASPLSTGK
1828,TTFNVQDGPDFQDR
1829,TTIDLTHEDNQYSIGNLRPDTEYEVSLISR
1830,TTLVTIQSTGSFSQK
1831,TVAIHTLDPEK
1832,TVASPDVTVEAAVEQIDIGGVTLLR
1833,TVEDLDGLIQQIYR
1834,TVEGAGNIAAATGFVK
1835,TVEMSPAYTEEELK
1836,TVEPMGEMFNK
1837,TVEPMGEMFNK
1838,TVLAEFQPLVEEPK
1839,TVLGVPEVLLGILPGAGGTQR
1840,TVLVTWTPPR
1841,TVMDDFAQFLDTC
1842,TVMDDFAQFLDTCCK
1843,TVMDDFAQFLDTCCK
1844,TVPVWSSSPPTCEK
1845,TVSLNNLSADEVTR
1846,TVTDLENAYK
1847,TVTSAAMTSALPIIQK
1848,TVVILIETPDGIPVK
1849,TYFPHFDVSHGSAQVK
1850,TYFPHFDVSHGSAQVK
1851,TYLGPQYLTLMDNFR
1852,TYNFLPEYLASTQK
1853,TYQVGWDTFCVK
1854,VADALANAAGHLDDLPGALSALSDLH
1855,VADALANAAGHLDDLPGALSALSDLHA
1856,VADALANAAGHLDDLPGALSALSDLHAH
1857,VADALANAAGHLDDLPGALSALSDLHAHK
1858,VADALANAAGHLDDLPGALSALSDLHAHK
1859,VAEDDEDDDVDTKK
1860,VAEDETEAGVK
1861,VAEGIFETEAPGGYK
1862,VAELYEEEMR
1863,VAEVENGTKPD
1864,VAFGEDIDLPETFDAR
1865,VAFTGSTEVGHLIQVAAGSSNLKR
1866,VAGPQPAQTGAPQGSLGEYLFER
1867,VAGQSSPSGIQSR
1868,VAIAQFSDDVR
1869,VAMSHFEPSEYIR
1870,VANPSGNLTDTYVQDCGDGTYK
1871,VAPEEVSEVIFGHVLTAGCGQNPTR
1872,VASIEIGPVSGQIMHAIGEEGGYVK
1873,VASTGSGASPGDAHQAPGEK
1874,VASVYESPGFFLNLEPIPGALDALR
1875,VATVPQHATSGPGPADVSK
1876,VAVSADPNVPNVIVTR
1877,VCHLVGINVTDFTR
1878,VCMDLNDTVPEYK
1879,VCPFAGILENGIVR
1880,VCYEGQPVGEFIR
1881,VDATEQTDLAK
1882,VDFPQDQLATLTGR
1883,VDGQSCPVPMMYQEGK
1884,VDIDVPDVDVHGPDWHLK
1885,VDIEAPDVSIEGPEGK
1886,VDIEGPNVNIEGPEGK
1887,VDLPGQQPVSEQAQQK
1888,VDLQDHGESAYAVYDR
1889,VDSEGISPNRT
1890,VDSSNGFLIDGYPR
1891,VEADVAPPQVQGDLK
1892,VEAPDVEVHGPDWHLK
1893,VEGAFPVTMLPGDGVGPELMHAVK
1894,VEGTPNDPNPNDPR
1895,VEGYSGTAGDSMNYHNGR
1896,VEKEEAGGGGGGGISEEEAAQYDR
1897,VELLHNPAFCSMATAK
1898,VEPTETFYYIDDPNGLEVSIIAK
1899,VEPVGLMTGSGVVGVK
1900,VEVLPVSLPGEHGQR
1901,VEVLPVSLPGEHGQR
1902,VEVSAPDVSIEGSEGK
1903,VFANAPDSACVIGLR
1904,VFEHSSVELK
1905,VFIPHGLIMDR
1906,VFLDPNTLSDDGTVALR
1907,VFNPYTEFPEFSR
1908,VFQGNLDNNSHKK
1909,VFQPLPHENKPLTLSSYQTNK
1910,VFTTQELVQAFTHAPAALEADR
1911,VFVGEEDPEAQSVTLR
1912,VGDAIPSVEVFEGEPGK
1913,VGDAIPSVEVFEGEPGKK
1914,VGINDFCPMGFGVK
1915,VGINDFCPMGFGVK
1916,VGLSDLYNGQILETIGGK
1917,VGLTASLAGPHAILGR
1918,VGLVQFSDTPVTEFSLDTYQTK
1919,VGPDSVQCYHFGWSPGFPTCK
1920,VGQLLACLIGTQFR
1921,VGQPGAAGPVSPMCPGR
1922,VGQPGAAGPVSPMCPGR
1923,VGQPGAAGPVSPMCPGR
1924,VGTGEPVETDSPVEAR
1925,VGTGEPVETDSPVEAR
1926,VHINPNSLFDVQVK
1927,VHINPNSLFDVQVK
1928,VHLTGINVNPNALFPPVEFPAPR
1929,VHNDAQNFDYDHDAFLGAEEAK
1930,VIAINVDDPDAANYK
1931,VIEGTKTDGSPTFYSFK
1932,VIHGNQIATNGVVHVIDR
1933,VILGAHEEYIR
1934,VILYYTEPGSHVSR
1935,VIPACLPSPNYMVADR
1936,VIPACLPSPNYMVADR
1937,VIPRPVMAGSSSMR
1938,VISGVLQLGNIAFKK
1939,VITAFNDGLNHLDSL
1940,VITAFNDGLNHLDSLK
1941,VIYQSLEGAVQAGQLK
1942,VKDMEDLENVFYQMIDETK
1943,VLCPINYPESPTR
1944,VLGPDSAANLELINTWVAENTNHK
1945,VLGPDSAANLELINTWVAENTNHK
1946,VLNASAIPEGQYIDSK
1947,VLNSINVAVFSK
1948,VLNTESDLVNK
1949,VLQAGVLDNWYPLQGGQGQVHLR
1950,VLQAGVLDNWYPLQGGQGQVHLR
1951,VLQATVVAVGSGGK
1952,VLQSLGSEPIQYAVPVVK
1953,VLQYYQESEKPEELGSVTVQK
1954,VLTPTQVMNRPSSISWDGLDPGK
1955,VLTSEEEYSLLSDK
1956,VLTSEEEYSLLSDK
1957,VLVETEGPAGVAVMK
1958,VLVLDFVTPTPLGTR
1959,VMPNAIVQSVGVSGGR
1960,VMQDFFIDLR
1961,VNADEVGGEALGR
1962,VNAEGTVDTVFSEVCTYLDSLK
1963,VNDDIIVNWVNTTLK
1964,VNHEPEPASGASPGATIPK
1965,VNHKEEDSCSYFYCMEER
1966,VNKDNEEFLESNK
1967,VNKECCHGDLLECADDRAELAK
1968,VNLSFPSAQSLPASDTHLK
1969,VNMSGVSSSNGVVDPR
1970,VNMSGVSSSNGVVDPR
1971,VNNYCVDCEETSK
1972,VNPFRPGDSEPPVAAGAQR
1973,VNSFMSTLEK
1974,VNSVNPTVVLTDMGK
1975,VNSVNPTVVLTDMGK
1976,VNTSSALANISLALEQGCAVTLLK
1977,VNVEAPNVNMEGLGGK
1978,VNVEAPNVNMEGLGGK
1979,VPFDPLDTFK
1980,VPGDQTSTTIR
1981,VPNFDQSDSDGDGVGDACDNCPQK
1982,VPQAIHQLYLDSNK
1983,VPSENVLGEVGDGFK
1984,VPTANLENVLPLAEDFTEILSR
1985,VPTPNVSVVDLTCR
1986,VPVATPNPGDPWNGR
1987,VPVENVLGEVGGGFK
1988,VQAILVNIFGGIMR
1989,VQAILVNIFGGIMR
1990,VQANLDTPDINIEGPEAK
1991,VQELGHGCSALVTK
1992,VQEVEVPEDFGPVR
1993,VQEVQQVSTNK
1994,VQNLLPGHEYQFR
1995,VQVQDNEGCSVEATVK
1996,VRELENEVENEQK
1997,VRELENEVENEQK
1998,VRLTSIDKWFLYK
1999,VSASEEEEVENENR
2000,VSDLTTNLAEEEEK
2001,VSEARPSTMVVEHPEFLK
2002,VSFSYAGLSSDDPDLGPAHVVTVIAR
2003,VSIRPAPETAK
2004,VSNGAGSMSVSLVADENPFAQGALR
2005,VSNGAGSMSVSLVADENPFAQGALR
2006,VSTVTTHSSDSEVPSR
2007,VSYGIGEEEHDQEGR
2008,VTALVPSESAIR
2009,VTAPLEAEYSGLVR
2010,VTASEPLETMGSEGALSPGGVASLLR
2011,VTASGPGLSAYGVPASLPVEFAIDAR
2012,VTEENRELVSELK
2013,VTEVDGVLDALHGSVLTEGQYQAVR
2014,VTEYLIMYTPTHADGLEMQFR
2015,VTEYLIMYTPTHADGLEMQFR
2016,VTFSSSGITFSSVTR
2017,VTGLQEGNTYEFR
2018,VTIMWTPPDSVVSGYR
2019,VTIMWTPPDSVVSGYR
2020,VTLTPEEEAR
2021,VTNPVGEDVASIFLR
2022,VTNPVGEDVASIFLR
2023,VTPNLMGQLCGSGR
2024,VTPPEGYDVVTVFRE
2025,VTQTFGENMQK
2026,VTSLTACLVNQNLR
2027,VTSTTNMAYNK
2028,VTWAPPPSIELTNLLVR
2029,VTWAPPPSIELTNLLVR
2030,VTWHPLSAEEGQHK
2031,VTYSSPEDGIR
2032,VTYVDFLVYDVLDQHR
2033,VVDDWANDGWGLKK
2034,VVDLLATDADIVSR
2035,VVDLMAYMASK
2036,VVEQMCVTQYQK
2037,VVESLDVGPDR
2038,VVGIHMQGIGCDEMLQGFAVAVK
2039,VVIEDGVGDAVLTRK
2040,VVLPMELPIR
2041,VVQLSGHLAQETER
2042,VVVAENFDDIVNEEDK
2043,VVVAGYTAALNCAVR
2044,VVYWTDISEPSIGR
2045,VWFVSNIDGTHIAK
2046,VYEEDAVPGLTPCR
2047,VYFDLQIGDESVGR
2048,VYHEGLPEPLTLR
2049,VYMDFLEDCCSR
2050,VYNVTQHAVGIIVNK
2051,VYSILASTLKDEGK
2052,WANYHLENAGCTK
2053,WETAEGVLQEALDK
2054,WKEDVELYR
2055,WKKPFDPENTEEAEFHVDESTTVK
2056,WKNPITSVDAAFR
2057,WLLLNDPEDTSSGAK
2058,WTQLLANSATR
2059,WVDVGGAYVGPTQNR
2060,WVSDSQIMSVAFK
2061,YAPISGGDHAEIDVPK
2062,YAPSGFYIASGDISGK
2063,YAPSGFYIASGDISGK
2064,YAYDGEDFIEFNK
2065,YCGLPGEYWLGNDK
2066,YDDEECTLPIAGR
2067,YDENLVVHDIMLLK
2068,YDGQVAVFGSDFQEK
2069,YDSRPGGYGYGYGR
2070,YEALLLTHETSIR
2071,YEDFKDEGSENAVK
2072,YEDSNNLGTSHLLR
2073,YEETHAELEASQK
2074,YEETHAELEASQK
2075,YEGGVETFAHLIVLR
2076,YFDSFGDLSSASAIMGN
2077,YFDSFGDLSSASAIMGNAK
2078,YFDSFGDLSSASAIMGNAK
2079,YGGELVPHFPAWVK
2080,YGISLCQAILDETK
2081,YGLLTYATVPK
2082,YGLPDSLAILSEMGEVTEGMMDTK
2083,YHVPVVVVPEGSTSDTQEQAILR
2084,YIQLPFGDEDALK
2085,YISVGYVDNK
2086,YIVNVYQISEEGK
2087,YIVPMITVDGK
2088,YIYGKPVQGVAYTR
2089,YIYGKPVQGVAYTR
2090,YLGAEYMQSVGNMR
2091,YLGAEYMQSVGNMR
2092,YLGAEYMQSVGNMR
2093,YLGAEYMQSVGNMR
2094,YLGAEYMQSVGNMR
2095,YLLPAILNPR
2096,YLMWGLSSDLWGEK
2097,YLNWLPGSPSSEPGK
2098,YLSEVASGENK
2099,YLYSGQTLDTLGGK
2100,YLYSGQTLDTLGGKK
2101,YMVLVPSQLYTETPEK
2102,YMVLVPSQLYTETPEK
2103,YNDLGEQHFK
2104,YNDQHIPGSPFTAR
2105,YNQATPIFHQWR
2106,YNTFGEALKQPDGIAVVGIFLK
2107,YNVLGAETVLTQMR
2108,YPENFFLLR
2109,YQLMCYYTSWAK
2110,YSELTTLTSQYIK
2111,YSFCTDHAVLVQTR
2112,YSLEPVAAELK
2113,YSNSALGHVNSTIK
2114,YSPNTQVEILPQGR
2115,YSPSEAGLHEMDIR
2116,YSPSEAGLHEMDIR
2117,YSPSEAGLHEMDIR
2118,YSSVYGASVSDEDLK
2119,YTLNILEDIGGGQK
2120,YTLNVLEDLGEGQK
2121,YTQDTMEDAVK
2122,YTQKAPQVSTPTLVEAAR
2123,YVEDMGLTAFTNLMIK
2124,YVMLPVADQDK
2125,YVMLPVADQDK
2126,YVQELPLETDGALR
2127,YVRPGGGFEPNFTLFEK
2128,YVSHFETDGPHVLLYFDSVPTTR
2129,YVTLIYTNYENGK
2130,YYTYLVMNK
2131,YYTYLVMNK
2132,YYWGGLYSWDMSK
